	central_mean	npoints	chi2_per_data	perreplica_mean	perreplica_std	group
0	415.2634143301974	424	0.9793948451183901	430.65765680788695	9.130728898093812	DEUTERON
1	252.8267478499718	248	1.0194626929434347	256.6050126446122	5.357083667698882	BCDMSD_sh_ite
2	109.76166528177733	121	0.9071212006758457	113.53585761025009	4.21162418104553	NMCPD_sh_ite
3	25.641065957843587	34	0.7541489987601055	26.65863292514324	3.4469195614336647	SLACD_sh_ite
4	9.473221610058854	15	0.631548107337257	11.315460856530853	2.3863778219942344	DYE886R_sh_ite
5	2.5645178309367864	6	0.4274196384894644	8.192748192784459	5.919972860053637	DYE906R_sh_ite
