	central_mean	npoints	chi2_per_data	perreplica_mean	perreplica_std	group
0	408.68238416260317	418	0.9777090530205818	417.7359421645243	7.285936869682796	DEUTERON
1	252.61387698439043	248	1.0186043426789937	255.60487697466485	5.077627304728941	BCDMSD_dw_ite
2	105.66618203953797	121	0.8732742317317188	109.19535270207285	3.095794435341034	NMCPD_dw_ite
3	20.06111350178458	34	0.5900327500524876	20.958665089191314	2.1567751090294247	SLACD_dw_ite
4	7.774780843874625	15	0.518318722924975	9.305298253740283	2.328628353986269	DYE886R_dw_ite
