	central_mean	npoints	chi2_per_data	perreplica_mean	perreplica_std	group
0	407.6550992078106	418	0.9752514335115087	416.5596303441666	7.2175243980557	DEUTERON
1	251.61772381272522	248	1.0145875960190534	254.59357605476507	5.168091775549462	BCDMSD_dw_ite
2	105.38071597782354	121	0.8709150080811863	108.90987435366948	2.9774090887797855	NMCPD_dw_ite
3	21.823602541795758	34	0.6418706629939929	22.707721900361776	2.4146343101021484	SLACD_dw_ite
4	7.624272785611248	15	0.5082848523740833	9.039990466480363	1.9783234164873515	DYE886R_dw_ite
