	central_mean	npoints	chi2_per_data	perreplica_mean	perreplica_std	group
0	411.1671863346785	418	0.9836535558245897	420.08131606376423	7.611542789274275	DEUTERON
1	250.56233638920736	248	1.0103320015693844	253.53860901368608	5.071759250333269	BCDMSD_dw_ite
2	105.38071597782354	121	0.8709150080811863	108.90987435366948	2.9774090887797855	NMCPD_dw_ite
3	22.80764140329171	34	0.6708129824497562	23.70081961424515	2.6116158439422192	SLACD_dw_ite
4	7.624272785611248	15	0.5082848523740833	9.039990466480363	1.9783234164873515	DYE886R_dw_ite
